epoch,time,train/box_loss,train/cls_loss,train/dfl_loss,metrics/precision(B),metrics/recall(B),metrics/mAP50(B),metrics/mAP50-95(B),val/box_loss,val/cls_loss,val/dfl_loss,lr/pg0,lr/pg1,lr/pg2
1,4.80667,3.69608,4.66187,2.13652,0.00039,0.06667,0.00027,8e-05,4.25939,7.03954,3.27772,2e-05,2e-05,2e-05
2,5.9224,1.62413,6.01969,1.03359,0.00059,0.1,0.00038,0.00016,4.20841,5.94685,3.02212,5.9703e-05,5.9703e-05,5.9703e-05
3,6.99954,2.63061,3.79375,2.12617,0.00078,0.13333,0.00063,0.00033,3.53924,5.20747,2.63915,9.901e-05,9.901e-05,9.901e-05
4,7.94967,3.7811,5.42595,2.92662,0.00059,0.1,0.00049,0.00015,3.17098,5.27138,2.59582,0.000137921,0.000137921,0.000137921
5,8.97669,4.05708,4.0266,2.0678,0.00039,0.06667,0.00036,0.00016,3.63478,5.12526,2.82949,0.000176436,0.000176436,0.000176436
6,9.94399,4.049,3.87915,1.97611,0.00098,0.16667,0.0007,0.00018,3.4578,4.82265,2.83163,0.000214555,0.000214555,0.000214555
7,10.9471,3.48908,5.07472,2.03433,0.00157,0.26667,0.00103,0.00026,3.10889,4.67014,2.82399,0.000252278,0.000252278,0.000252278
8,11.9901,2.87248,3.80662,1.87143,0.00059,0.1,0.00033,0.00014,3.30757,4.47796,2.83874,0.000289605,0.000289605,0.000289605
9,13.0082,3.3717,3.77507,2.57089,0.00039,0.06667,0.00022,0.00011,3.44265,4.43183,2.8444,0.000326536,0.000326536,0.000326536
10,14.0039,3.06034,4.09616,2.01288,0.00059,0.1,0.00034,0.00012,3.56938,4.43373,2.84115,0.000363071,0.000363071,0.000363071
11,15.4979,1.43836,5.39638,0.89303,0.00059,0.1,0.00037,0.00014,3.62237,4.41964,2.82182,0.00039921,0.00039921,0.00039921
12,17.717,2.49045,3.3266,1.98858,0.00059,0.1,0.00049,0.00018,3.64419,4.41028,2.80584,0.000434953,0.000434953,0.000434953
13,18.7637,3.41973,4.76528,2.84688,0.00059,0.1,0.00046,0.00018,3.5977,4.40008,2.77326,0.0004703,0.0004703,0.0004703
14,19.8132,2.10787,2.59448,1.50778,0.00059,0.1,0.00042,0.00017,3.50979,4.43005,2.72323,0.000505251,0.000505251,0.000505251
15,20.8035,2.16057,3.62507,1.66384,0.00078,0.13333,0.00049,0.0002,3.38022,4.37673,2.63825,0.000539806,0.000539806,0.000539806
16,21.8015,2.95741,3.32139,1.97249,0.00078,0.13333,0.0005,0.00019,3.37241,4.46942,2.58991,0.000573965,0.000573965,0.000573965
17,22.7251,1.2445,5.4138,0.8913,0.00118,0.2,0.00099,0.00034,3.30826,4.44184,2.47496,0.000607728,0.000607728,0.000607728
18,23.7903,2.61748,2.81978,1.57373,0.00098,0.16667,0.00106,0.00031,3.37201,4.54835,2.5114,0.000641095,0.000641095,0.000641095
19,24.8336,1.76297,2.83506,1.56501,0.00098,0.16667,0.00146,0.00044,3.39045,4.50065,2.52867,0.000674066,0.000674066,0.000674066
20,25.853,2.17326,3.60066,1.65102,0.00098,0.16667,0.00171,0.00038,3.37667,4.47999,2.53551,0.000706641,0.000706641,0.000706641
21,26.9571,2.16877,3.15995,1.56975,0.00078,0.13333,0.00145,0.00036,3.40241,4.53349,2.53133,0.00073882,0.00073882,0.00073882
22,28.4426,2.49139,2.2734,1.37263,0.00078,0.13333,0.00101,0.00034,3.37977,4.53644,2.50966,0.000770603,0.000770603,0.000770603
23,30.1056,2.30553,2.53059,1.59856,0.00098,0.16667,0.00279,0.00072,3.23657,4.29433,2.37935,0.00080199,0.00080199,0.00080199
24,31.1579,2.37496,2.69284,1.26972,0.00235,0.4,0.01837,0.00305,3.03202,3.9088,2.19748,0.000832981,0.000832981,0.000832981
25,32.2008,2.99424,3.87055,1.41779,0.11507,0.13333,0.05123,0.00876,2.84338,3.66984,2.00182,0.000863576,0.000863576,0.000863576
26,33.327,2.45875,3.07873,1.84488,0.14072,0.13333,0.05149,0.01099,2.70278,3.62722,1.91685,0.000893775,0.000893775,0.000893775
27,34.3148,1.97482,2.86633,1.53606,0.14835,0.1,0.05572,0.01725,2.67542,3.59258,1.85605,0.000923578,0.000923578,0.000923578
28,35.3053,2.16943,2.35567,1.50065,0.14835,0.1,0.05572,0.01725,2.67542,3.59258,1.85605,0.000952985,0.000952985,0.000952985
29,36.3172,3.70292,5.08021,1.3388,0.15595,0.13333,0.05197,0.01261,2.78653,3.5734,1.84484,0.000981996,0.000981996,0.000981996
30,37.4131,2.82243,4.43376,1.22716,0.13692,0.16667,0.05748,0.01008,2.90434,3.50883,1.85411,0.00101061,0.00101061,0.00101061
31,38.4437,1.86551,2.43384,1.44316,0.13692,0.16667,0.05748,0.01008,2.90434,3.50883,1.85411,0.00103883,0.00103883,0.00103883
32,39.4403,1.94142,2.62528,1.44151,0.17548,0.16667,0.07003,0.01079,2.98788,3.46888,1.9,0.00106665,0.00106665,0.00106665
33,40.663,2.32161,2.25697,1.34776,0.32853,0.16331,0.08368,0.01336,2.95925,3.42602,1.91438,0.00109408,0.00109408,0.00109408
34,42.2713,2.29395,2.79862,1.61949,0.32853,0.16331,0.08368,0.01336,2.95925,3.42602,1.91438,0.00112111,0.00112111,0.00112111
35,43.5877,2.53552,2.83691,2.02923,0.40779,0.16667,0.20413,0.04086,2.57794,3.21787,1.80068,0.00114775,0.00114775,0.00114775
36,44.6127,1.82929,2.35329,1.33773,0.36794,0.3,0.37714,0.1229,2.11149,2.66916,1.62333,0.00117399,0.00117399,0.00117399
37,45.5775,1.62348,2.96191,1.51616,0.36794,0.3,0.37714,0.1229,2.11149,2.66916,1.62333,0.00119983,0.00119983,0.00119983
38,46.6758,1.97341,2.55428,1.24291,0.29869,0.46667,0.3851,0.15651,1.94741,2.37492,1.51269,0.00122528,0.00122528,0.00122528
39,47.8027,1.97747,2.11788,1.19516,0.35242,0.53333,0.41879,0.18903,1.85717,2.29411,1.43856,0.00125033,0.00125033,0.00125033
40,48.818,1.80144,2.35291,1.33452,0.35242,0.53333,0.41879,0.18903,1.85717,2.29411,1.43856,0.00127498,0.00127498,0.00127498
41,49.842,2.44881,3.23504,1.65276,0.41259,0.63333,0.45434,0.18454,1.80464,2.24914,1.39292,0.00129924,0.00129924,0.00129924
42,50.8223,0.94895,4.56296,0.66633,0.30819,0.53333,0.36106,0.125,1.86258,2.47551,1.39639,0.0013231,0.0013231,0.0013231
43,51.793,2.43291,3.02113,1.67064,0.30819,0.53333,0.36106,0.125,1.86258,2.47551,1.39639,0.00134657,0.00134657,0.00134657
44,52.9462,1.5957,2.39502,1.26669,0.45941,0.43333,0.38118,0.13136,1.93102,2.61319,1.38732,0.00136964,0.00136964,0.00136964
45,54.3776,0.95705,4.14872,0.66043,0.45941,0.43333,0.38118,0.13136,1.93102,2.61319,1.38732,0.00139232,0.00139232,0.00139232
46,56.0637,2.14766,2.0765,1.38019,0.61291,0.5,0.47908,0.16234,1.95392,2.38939,1.40815,0.0014146,0.0014146,0.0014146
47,57.0745,0.92758,4.54887,0.61862,0.61291,0.5,0.47908,0.16234,1.95392,2.38939,1.40815,0.00143648,0.00143648,0.00143648
48,58.1518,2.10027,2.67387,1.75058,0.47161,0.46667,0.45109,0.14568,1.93363,2.34855,1.40734,0.00145797,0.00145797,0.00145797
49,59.1249,2.20376,2.85686,1.18215,0.47161,0.46667,0.45109,0.14568,1.93363,2.34855,1.40734,0.00147906,0.00147906,0.00147906
50,60.118,1.99224,1.84487,1.22295,0.52893,0.53333,0.4929,0.15412,1.83692,2.29038,1.39434,0.00149975,0.00149975,0.00149975
51,61.4621,2.78585,3.6779,2.04273,0.52893,0.53333,0.4929,0.15412,1.83692,2.29038,1.39434,0.001505,0.001505,0.001505
52,62.485,2.68387,3.61475,1.35766,0.82625,0.31775,0.50313,0.18699,1.74229,2.35734,1.39162,0.0014951,0.0014951,0.0014951
53,63.4885,2.24629,4.14504,1.26531,0.82625,0.31775,0.50313,0.18699,1.74229,2.35734,1.39162,0.0014852,0.0014852,0.0014852
54,64.5794,2.95491,4.11139,1.28442,0.46781,0.4,0.45127,0.19141,1.72982,2.54963,1.38937,0.0014753,0.0014753,0.0014753
55,65.5511,1.83917,2.32443,1.23576,0.46781,0.4,0.45127,0.19141,1.72982,2.54963,1.38937,0.0014654,0.0014654,0.0014654
56,66.989,1.51356,1.85025,1.18933,0.5959,0.33333,0.43589,0.19273,1.73935,2.63442,1.39905,0.0014555,0.0014555,0.0014555
57,68.5309,2.04316,2.02555,1.08682,0.5959,0.33333,0.43589,0.19273,1.73935,2.63442,1.39905,0.0014456,0.0014456,0.0014456
58,69.7336,1.0925,4.08965,0.64577,0.79773,0.26326,0.45236,0.18829,1.83939,2.71595,1.4312,0.0014357,0.0014357,0.0014357
59,70.6936,1.848,2.22685,1.24286,0.79773,0.26326,0.45236,0.18829,1.83939,2.71595,1.4312,0.0014258,0.0014258,0.0014258
60,71.7374,1.5223,1.69447,1.0669,1,0.19889,0.54369,0.20765,1.87464,2.70698,1.4536,0.0014159,0.0014159,0.0014159
61,72.7788,1.61938,2.48468,1.35676,1,0.19889,0.54369,0.20765,1.87464,2.70698,1.4536,0.001406,0.001406,0.001406
62,73.7791,1.81469,1.91851,1.43481,0.86983,0.36667,0.54027,0.19824,1.87489,2.53371,1.43561,0.0013961,0.0013961,0.0013961
63,74.7707,2.18948,2.08543,1.14665,0.86983,0.36667,0.54027,0.19824,1.87489,2.53371,1.43561,0.0013862,0.0013862,0.0013862
64,75.8192,1.91778,2.06589,1.20021,0.68757,0.44043,0.54611,0.19946,1.8827,2.33946,1.40814,0.0013763,0.0013763,0.0013763
65,76.7895,1.57488,1.97106,1.30971,0.68757,0.44043,0.54611,0.19946,1.8827,2.33946,1.40814,0.0013664,0.0013664,0.0013664
66,77.8136,1.67003,1.82232,1.18751,0.63745,0.46667,0.62398,0.20874,1.9,2.19691,1.38957,0.0013565,0.0013565,0.0013565
67,78.7913,2.26625,2.44635,1.23145,0.63745,0.46667,0.62398,0.20874,1.9,2.19691,1.38957,0.0013466,0.0013466,0.0013466
68,80.3887,1.70687,1.82705,1.25585,0.72156,0.51868,0.67783,0.26784,1.92779,1.90676,1.35704,0.0013367,0.0013367,0.0013367
69,82.0668,1.59159,1.78359,1.11948,0.72156,0.51868,0.67783,0.26784,1.92779,1.90676,1.35704,0.0013268,0.0013268,0.0013268
70,83.1005,1.64678,1.97446,1.26539,0.67431,0.8283,0.82854,0.35718,1.77758,1.66135,1.27664,0.0013169,0.0013169,0.0013169
71,84.0844,1.26456,2.20913,1.17889,0.67431,0.8283,0.82854,0.35718,1.77758,1.66135,1.27664,0.001307,0.001307,0.001307
72,85.1252,0.82115,3.42675,0.59046,0.84726,0.63333,0.79514,0.41887,1.55925,1.59835,1.17702,0.0012971,0.0012971,0.0012971
73,86.1313,1.87007,2.0543,1.45959,0.84726,0.63333,0.79514,0.41887,1.55925,1.59835,1.17702,0.0012872,0.0012872,0.0012872
74,87.151,1.81629,1.8798,1.34654,0.73454,0.7,0.77756,0.42169,1.4025,2.09206,1.13408,0.0012773,0.0012773,0.0012773
75,88.2282,1.64047,1.83953,1.22185,0.73454,0.7,0.77756,0.42169,1.4025,2.09206,1.13408,0.0012674,0.0012674,0.0012674
76,89.3517,2.13484,1.71369,1.34141,0.7465,0.56667,0.7503,0.40837,1.42663,2.64905,1.16282,0.0012575,0.0012575,0.0012575
77,90.3249,1.59336,1.68043,1.09461,0.7465,0.56667,0.7503,0.40837,1.42663,2.64905,1.16282,0.0012476,0.0012476,0.0012476
78,91.3532,0.72143,3.78533,0.59399,0.59212,0.76667,0.77053,0.3829,1.50573,2.52316,1.18678,0.0012377,0.0012377,0.0012377
79,92.5857,2.03753,2.56488,1.69192,0.59212,0.76667,0.77053,0.3829,1.50573,2.52316,1.18678,0.0012278,0.0012278,0.0012278
80,94.2982,2.58338,2.31191,1.59116,0.6132,0.76667,0.77957,0.40927,1.46305,1.96248,1.16278,0.0012179,0.0012179,0.0012179
81,95.4751,1.23289,1.54575,1.05068,0.6132,0.76667,0.77957,0.40927,1.46305,1.96248,1.16278,0.001208,0.001208,0.001208
82,96.568,2.01876,1.86685,1.16718,0.77909,0.73333,0.87007,0.488,1.41626,1.4587,1.11375,0.0011981,0.0011981,0.0011981
83,97.5576,0.88503,3.15848,0.61026,0.77909,0.73333,0.87007,0.488,1.41626,1.4587,1.11375,0.0011882,0.0011882,0.0011882
84,98.6429,1.83334,1.76245,1.22198,0.89341,0.83333,0.93806,0.52075,1.38828,1.24881,1.10479,0.0011783,0.0011783,0.0011783
85,99.726,1.37025,1.4974,1.21852,0.89341,0.83333,0.93806,0.52075,1.38828,1.24881,1.10479,0.0011684,0.0011684,0.0011684
86,100.753,1.66511,3.30828,1.37336,0.96933,0.8,0.95494,0.51922,1.43089,1.18537,1.11168,0.0011585,0.0011585,0.0011585
87,101.947,1.54394,1.32117,1.0138,0.96933,0.8,0.95494,0.51922,1.43089,1.18537,1.11168,0.0011486,0.0011486,0.0011486
88,103.034,1.66497,1.8136,1.06263,0.82201,0.86667,0.92515,0.51137,1.3914,1.21051,1.10846,0.0011387,0.0011387,0.0011387
89,104.105,1.72806,1.58561,1.10951,0.82201,0.86667,0.92515,0.51137,1.3914,1.21051,1.10846,0.0011288,0.0011288,0.0011288
90,105.375,1.31972,1.42375,1.00002,0.76562,0.93333,0.91689,0.51137,1.36453,1.21192,1.1119,0.0011189,0.0011189,0.0011189
91,106.842,1.36138,2.01481,0.98858,0.76562,0.93333,0.91689,0.51137,1.36453,1.21192,1.1119,0.001109,0.001109,0.001109
92,108.279,0.93453,3.19761,0.66185,0.81195,0.76667,0.8554,0.46143,1.37103,1.30616,1.12972,0.0010991,0.0010991,0.0010991
93,109.256,1.47028,1.63211,1.0801,0.81195,0.76667,0.8554,0.46143,1.37103,1.30616,1.12972,0.0010892,0.0010892,0.0010892
94,110.37,1.40259,1.46889,1.0663,0.65537,0.93333,0.85488,0.43992,1.36487,1.32216,1.14714,0.0010793,0.0010793,0.0010793
95,111.392,0.65028,2.94938,0.54358,0.65537,0.93333,0.85488,0.43992,1.36487,1.32216,1.14714,0.0010694,0.0010694,0.0010694
96,112.351,1.69189,1.89972,1.18026,0.80958,0.7,0.87853,0.48203,1.3166,1.35273,1.15047,0.0010595,0.0010595,0.0010595
97,113.354,3.39942,3.77242,2.39924,0.80958,0.7,0.87853,0.48203,1.3166,1.35273,1.15047,0.0010496,0.0010496,0.0010496
98,114.411,1.88693,1.80877,1.28371,0.81145,0.73333,0.88173,0.49911,1.30843,1.39205,1.15866,0.0010397,0.0010397,0.0010397
99,115.475,1.81121,1.89579,1.42832,0.81145,0.73333,0.88173,0.49911,1.30843,1.39205,1.15866,0.0010298,0.0010298,0.0010298
100,116.42,1.31661,1.16481,1.11151,0.84355,0.71921,0.87106,0.51014,1.29207,1.33397,1.14767,0.0010199,0.0010199,0.0010199
101,117.511,1.80875,1.97073,1.48564,0.84355,0.71921,0.87106,0.51014,1.29207,1.33397,1.14767,0.00101,0.00101,0.00101
102,118.852,1.41646,1.44687,0.97778,0.65857,0.9,0.83118,0.50897,1.30347,1.28528,1.14739,0.0010001,0.0010001,0.0010001
103,120.514,1.32383,1.26403,1.12252,0.65857,0.9,0.83118,0.50897,1.30347,1.28528,1.14739,0.0009902,0.0009902,0.0009902
104,121.796,1.53563,1.45199,0.98288,0.73402,0.93333,0.89895,0.54226,1.31414,1.17179,1.13722,0.0009803,0.0009803,0.0009803
105,122.881,1.48776,1.56626,1.14488,0.73402,0.93333,0.89895,0.54226,1.31414,1.17179,1.13722,0.0009704,0.0009704,0.0009704
106,123.918,1.71173,1.83696,1.31761,0.80227,0.94697,0.94655,0.54801,1.35786,1.10922,1.13913,0.0009605,0.0009605,0.0009605
107,124.945,2.14088,2.08294,1.27909,0.80227,0.94697,0.94655,0.54801,1.35786,1.10922,1.13913,0.0009506,0.0009506,0.0009506
108,125.968,2.44994,2.07864,1.16456,0.91758,0.93333,0.96066,0.53205,1.38536,1.10431,1.13971,0.0009407,0.0009407,0.0009407
109,126.964,1.35326,1.89911,1.19246,0.91758,0.93333,0.96066,0.53205,1.38536,1.10431,1.13971,0.0009308,0.0009308,0.0009308
110,127.986,1.55871,1.3,1.07315,0.87074,0.89822,0.93602,0.52762,1.3545,1.11808,1.13007,0.0009209,0.0009209,0.0009209
111,128.963,1.25224,1.26047,1.09492,0.87074,0.89822,0.93602,0.52762,1.3545,1.11808,1.13007,0.000911,0.000911,0.000911
112,129.966,1.87672,1.64089,1.18603,0.85524,0.98491,0.93591,0.53741,1.30073,1.11548,1.1121,0.0009011,0.0009011,0.0009011
113,130.93,1.13601,1.80981,1.18729,0.85524,0.98491,0.93591,0.53741,1.30073,1.11548,1.1121,0.0008912,0.0008912,0.0008912
114,132.46,2.06837,1.839,1.049,0.85402,0.9752,0.95207,0.55477,1.2587,1.06913,1.09558,0.0008813,0.0008813,0.0008813
115,134.12,1.28998,1.09611,1.0725,0.85402,0.9752,0.95207,0.55477,1.2587,1.06913,1.09558,0.0008714,0.0008714,0.0008714
116,135.189,0.75472,2.78425,0.54028,0.85614,0.99206,0.95746,0.58849,1.20331,1.00533,1.07621,0.0008615,0.0008615,0.0008615
117,136.145,2.02259,2.3372,1.17872,0.85614,0.99206,0.95746,0.58849,1.20331,1.00533,1.07621,0.0008516,0.0008516,0.0008516
118,137.207,1.80309,1.30669,1.05783,0.83048,0.98003,0.96359,0.59454,1.23188,0.98294,1.07557,0.0008417,0.0008417,0.0008417
119,138.212,2.03529,1.82029,1.14114,0.83048,0.98003,0.96359,0.59454,1.23188,0.98294,1.07557,0.0008318,0.0008318,0.0008318
120,139.214,1.17863,1.06021,1.03968,0.78582,0.96667,0.95583,0.57567,1.29076,1.02233,1.0923,0.0008219,0.0008219,0.0008219
121,140.289,1.91731,1.84794,1.29064,0.78582,0.96667,0.95583,0.57567,1.29076,1.02233,1.0923,0.000812,0.000812,0.000812
122,141.671,1.93907,1.4427,1.09804,0.84772,0.86667,0.93751,0.57314,1.28704,1.03409,1.09141,0.0008021,0.0008021,0.0008021
123,142.697,1.25483,1.37423,1.08052,0.84772,0.86667,0.93751,0.57314,1.28704,1.03409,1.09141,0.0007922,0.0007922,0.0007922
124,143.705,1.4269,1.44743,1.22058,0.81548,0.96667,0.93886,0.56702,1.27042,0.98083,1.09111,0.0007823,0.0007823,0.0007823
125,145.055,1.39301,1.21969,1.02914,0.81548,0.96667,0.93886,0.56702,1.27042,0.98083,1.09111,0.0007724,0.0007724,0.0007724
126,146.787,1.45365,1.41313,1.13404,0.88019,0.93333,0.95251,0.57103,1.25378,0.98725,1.08927,0.0007625,0.0007625,0.0007625
127,148.048,1.28773,1.34733,0.93832,0.88019,0.93333,0.95251,0.57103,1.25378,0.98725,1.08927,0.0007526,0.0007526,0.0007526
128,149.093,1.058,1.13286,0.99553,0.8528,0.96667,0.9537,0.59957,1.24169,0.99744,1.07371,0.0007427,0.0007427,0.0007427
129,150.182,0.97929,1.05301,1.04806,0.8528,0.96667,0.9537,0.59957,1.24169,0.99744,1.07371,0.0007328,0.0007328,0.0007328
130,151.234,2.1939,1.93073,0.96354,0.90505,0.95345,0.93715,0.60245,1.20575,0.95027,1.05474,0.0007229,0.0007229,0.0007229
131,152.272,1.92159,2.94098,1.20891,0.90505,0.95345,0.93715,0.60245,1.20575,0.95027,1.05474,0.000713,0.000713,0.000713
132,153.385,1.13713,1.28408,1.0455,0.87539,0.9368,0.94909,0.62321,1.16858,0.93004,1.0342,0.0007031,0.0007031,0.0007031
133,154.411,1.29074,1.22186,1.053,0.87539,0.9368,0.94909,0.62321,1.16858,0.93004,1.0342,0.0006932,0.0006932,0.0006932
134,155.517,1.43944,1.37304,1.14375,0.87785,0.96667,0.95974,0.64757,1.12322,0.92127,1.01911,0.0006833,0.0006833,0.0006833
135,156.546,2.31074,1.95373,1.14161,0.87785,0.96667,0.95974,0.64757,1.12322,0.92127,1.01911,0.0006734,0.0006734,0.0006734
136,157.846,0.75848,2.73092,0.5294,0.90897,1,0.97159,0.65647,1.12405,0.98129,1.01773,0.0006635,0.0006635,0.0006635
137,159.367,1.58513,1.49741,1.1423,0.90897,1,0.97159,0.65647,1.12405,0.98129,1.01773,0.0006536,0.0006536,0.0006536
138,160.748,1.92512,1.6702,1.07622,0.88039,0.98167,0.96954,0.64235,1.12006,1.04115,1.01984,0.0006437,0.0006437,0.0006437
139,161.753,0.58139,2.47383,0.50117,0.88039,0.98167,0.96954,0.64235,1.12006,1.04115,1.01984,0.0006338,0.0006338,0.0006338
140,162.834,2.54895,2.26407,1.15548,0.8976,1,0.96649,0.6292,1.10921,1.09747,1.01937,0.0006239,0.0006239,0.0006239
141,163.795,0.72145,2.25072,0.55761,0.8976,1,0.96649,0.6292,1.10921,1.09747,1.01937,0.000614,0.000614,0.000614
142,164.822,1.67617,1.78961,1.25875,0.87462,1,0.97005,0.61153,1.09799,1.1248,1.02258,0.0006041,0.0006041,0.0006041
143,165.834,1.65501,1.19073,1.10176,0.87462,1,0.97005,0.61153,1.09799,1.1248,1.02258,0.0005942,0.0005942,0.0005942
144,166.846,0.55395,2.13997,0.482,0.87477,1,0.97376,0.60529,1.09209,1.08838,1.02549,0.0005843,0.0005843,0.0005843
145,167.819,0.73189,2.14716,0.58763,0.87477,1,0.97376,0.60529,1.09209,1.08838,1.02549,0.0005744,0.0005744,0.0005744
146,168.918,2.46438,2.27465,1.15182,0.92206,1,0.98297,0.6188,1.13142,1.01988,1.04043,0.0005645,0.0005645,0.0005645
147,169.828,1.52163,1.35602,1.08949,0.92206,1,0.98297,0.6188,1.13142,1.01988,1.04043,0.0005546,0.0005546,0.0005546
148,171.135,1.44572,1.91346,1.17212,0.92423,0.96667,0.98147,0.61344,1.12585,0.97702,1.03934,0.0005447,0.0005447,0.0005447
149,172.656,1.52918,1.4454,1.20047,0.92423,0.96667,0.98147,0.61344,1.12585,0.97702,1.03934,0.0005348,0.0005348,0.0005348
150,174.028,1.29559,1.5727,1.12956,0.96149,0.96667,0.98041,0.63181,1.13115,0.94473,1.03512,0.0005249,0.0005249,0.0005249
151,174.922,1.32609,1.3862,1.13112,0.96149,0.96667,0.98041,0.63181,1.13115,0.94473,1.03512,0.000515,0.000515,0.000515
152,176.088,1.51403,1.33595,1.08107,0.95177,0.96667,0.98183,0.66378,1.1006,0.93614,1.02175,0.0005051,0.0005051,0.0005051
153,177.147,1.54472,1.90573,1.29391,0.95177,0.96667,0.98183,0.66378,1.1006,0.93614,1.02175,0.0004952,0.0004952,0.0004952
154,178.241,1.52616,1.68424,0.96049,0.95944,0.96667,0.97933,0.63815,1.11825,0.91651,1.02681,0.0004853,0.0004853,0.0004853
155,179.161,1.27867,1.48699,1.17131,0.95944,0.96667,0.97933,0.63815,1.11825,0.91651,1.02681,0.0004754,0.0004754,0.0004754
156,180.197,0.70326,2.16246,0.55029,0.96531,0.96667,0.9789,0.65817,1.11905,0.91356,1.02845,0.0004655,0.0004655,0.0004655
157,181.228,2.3771,2.18261,0.96334,0.96531,0.96667,0.9789,0.65817,1.11905,0.91356,1.02845,0.0004556,0.0004556,0.0004556
158,182.222,0.67472,2.89862,0.53176,0.95608,0.96667,0.97933,0.65522,1.13965,0.91987,1.02991,0.0004457,0.0004457,0.0004457
159,183.636,2.86467,3.13514,1.93692,0.95608,0.96667,0.97933,0.65522,1.13965,0.91987,1.02991,0.0004358,0.0004358,0.0004358
160,185.078,1.26147,1.39144,1.10739,0.95446,0.96667,0.9816,0.64555,1.15459,0.91382,1.02789,0.0004259,0.0004259,0.0004259
161,186.644,1.29244,1.37152,1.0537,0.95446,0.96667,0.9816,0.64555,1.15459,0.91382,1.02789,0.000416,0.000416,0.000416
162,187.754,1.93002,1.47615,1.22846,0.94251,0.96667,0.98699,0.64843,1.15206,0.90001,1.01933,0.0004061,0.0004061,0.0004061
163,188.778,1.09877,1.163,1.006,0.94251,0.96667,0.98699,0.64843,1.15206,0.90001,1.01933,0.0003962,0.0003962,0.0003962
164,189.887,1.18473,1.05544,0.98082,0.95177,0.96667,0.98767,0.6617,1.11604,0.87356,1.0093,0.0003863,0.0003863,0.0003863
165,190.898,1.68815,1.11707,1.02119,0.95177,0.96667,0.98767,0.6617,1.11604,0.87356,1.0093,0.0003764,0.0003764,0.0003764
166,191.937,1.35653,1.32875,1.00901,0.96595,0.94584,0.98767,0.67372,1.09054,0.84673,1.00612,0.0003665,0.0003665,0.0003665
167,192.973,2.60694,1.81851,1.21563,0.96595,0.94584,0.98767,0.67372,1.09054,0.84673,1.00612,0.0003566,0.0003566,0.0003566
168,194.057,1.11604,1.18849,1.04709,0.96484,0.91496,0.98816,0.67987,1.08008,0.8446,1.00371,0.0003467,0.0003467,0.0003467
169,195.071,1.3755,1.20432,1.09364,0.96484,0.91496,0.98816,0.67987,1.08008,0.8446,1.00371,0.0003368,0.0003368,0.0003368
170,196.128,0.68804,2.05365,0.52625,0.96616,0.95212,0.98638,0.67455,1.07838,0.84497,1.00918,0.0003269,0.0003269,0.0003269
171,197.28,1.22985,1.71985,1.08082,0.96616,0.95212,0.98638,0.67455,1.07838,0.84497,1.00918,0.000317,0.000317,0.000317
172,199.113,1.59631,1.29574,1.08487,0.96515,0.92341,0.98117,0.68123,1.05901,0.8534,1.00464,0.0003071,0.0003071,0.0003071
173,200.407,1.07406,1.22684,1.0582,0.96515,0.92341,0.98117,0.68123,1.05901,0.8534,1.00464,0.0002972,0.0002972,0.0002972
174,201.427,1.77918,1.31608,1.06731,0.96514,0.92316,0.97705,0.67739,1.0478,0.85522,1.00236,0.0002873,0.0002873,0.0002873
175,202.402,1.57585,1.22809,1.09226,0.96514,0.92316,0.97705,0.67739,1.0478,0.85522,1.00236,0.0002774,0.0002774,0.0002774
176,203.407,1.58008,1.49376,1.03137,0.9499,0.93333,0.97772,0.67883,1.04028,0.85384,0.99943,0.0002675,0.0002675,0.0002675
177,204.446,1.65343,1.21625,1.03616,0.9499,0.93333,0.97772,0.67883,1.04028,0.85384,0.99943,0.0002576,0.0002576,0.0002576
178,205.513,1.11364,1.15796,0.99326,0.94203,0.93333,0.97704,0.68455,1.04118,0.84637,0.9972,0.0002477,0.0002477,0.0002477
179,206.569,1.14227,1.05346,0.96103,0.94203,0.93333,0.97704,0.68455,1.04118,0.84637,0.9972,0.0002378,0.0002378,0.0002378
180,207.662,1.06635,1.03152,1.00431,1,0.9526,0.98932,0.68056,1.05102,0.8418,0.99889,0.0002279,0.0002279,0.0002279
181,208.714,1.35613,1.24522,1.09435,1,0.9526,0.98932,0.68056,1.05102,0.8418,0.99889,0.000218,0.000218,0.000218
182,209.8,1.73687,2.73347,1.60901,1,0.96373,0.98932,0.67677,1.05753,0.84525,0.99685,0.0002081,0.0002081,0.0002081
183,211.225,1.21604,0.98718,0.98592,1,0.96373,0.98932,0.67677,1.05753,0.84525,0.99685,0.0001982,0.0001982,0.0001982
184,212.99,2.24618,1.81195,1.09817,0.98087,0.96667,0.99071,0.67217,1.06436,0.85028,0.99307,0.0001883,0.0001883,0.0001883
185,214.085,1.17819,1.126,1.03495,0.98087,0.96667,0.99071,0.67217,1.06436,0.85028,0.99307,0.0001784,0.0001784,0.0001784
186,215.118,2.02424,1.71477,1.00343,0.94908,0.96667,0.98971,0.6693,1.06206,0.86642,0.99007,0.0001685,0.0001685,0.0001685
187,216.117,1.6268,2.94696,1.43888,0.94908,0.96667,0.98971,0.6693,1.06206,0.86642,0.99007,0.0001586,0.0001586,0.0001586
188,217.205,1.11806,1.07259,1.02939,0.93228,0.96667,0.98638,0.66862,1.06883,0.89421,0.98881,0.0001487,0.0001487,0.0001487
189,218.097,1.39272,1.37793,0.98378,0.93228,0.96667,0.98638,0.66862,1.06883,0.89421,0.98881,0.0001388,0.0001388,0.0001388
190,219.241,1.59878,1.36848,1.04029,0.92576,0.96667,0.98315,0.67526,1.07879,0.91538,0.9893,0.0001289,0.0001289,0.0001289
191,221.586,1.82981,1.33745,1.16952,0.92576,0.96667,0.98315,0.67526,1.07879,0.91538,0.9893,0.000119,0.000119,0.000119
192,223.061,1.58891,2.18813,1.08959,0.92116,0.96667,0.98315,0.65156,1.10165,0.93415,0.99243,0.0001091,0.0001091,0.0001091
193,224.498,2.30919,2.86171,1.14404,0.92116,0.96667,0.98315,0.65156,1.10165,0.93415,0.99243,9.92e-05,9.92e-05,9.92e-05
194,226.641,1.87731,1.67199,1.01322,0.90083,0.96667,0.98167,0.64916,1.11719,0.96043,0.99463,8.93e-05,8.93e-05,8.93e-05
195,227.676,1.31535,1.39088,1.03925,0.90083,0.96667,0.98167,0.64916,1.11719,0.96043,0.99463,7.94e-05,7.94e-05,7.94e-05
196,228.743,1.26513,1.61399,1.04355,0.85188,1,0.97771,0.64051,1.12406,0.95176,0.99576,6.95e-05,6.95e-05,6.95e-05
197,229.712,2.26361,2.38809,1.34532,0.85188,1,0.97771,0.64051,1.12406,0.95176,0.99576,5.96e-05,5.96e-05,5.96e-05
198,230.782,0.96179,1.13809,1.03994,0.90543,0.9576,0.97838,0.64559,1.11695,0.95451,0.99568,4.97e-05,4.97e-05,4.97e-05
199,231.882,2.30545,2.67822,1.59094,0.90543,0.9576,0.97838,0.64559,1.11695,0.95451,0.99568,3.98e-05,3.98e-05,3.98e-05
200,232.881,1.23514,1.20037,1.02011,0.84881,1,0.97638,0.64859,1.10823,0.95648,0.99486,2.99e-05,2.99e-05,2.99e-05
